,Image,F1,Jaccard,Recall,Precision
0,images\833.png,0.9024597116200169,0.8222565687789799,0.9366197183098591,0.8707037643207856
1,images\2069.png,0.8434180138568129,0.7292332268370607,0.9712765957446808,0.7453061224489796
2,images\3038.png,0.8753993610223643,0.7784090909090909,0.8535825545171339,0.898360655737705
3,images\1169.png,0.9566666666666667,0.9169329073482428,0.927801724137931,0.9873853211009175
4,images\501.png,0.9440353460972017,0.8940027894002789,0.9440353460972017,0.9440353460972017
5,images\31.png,0.962239004886717,0.9272260273972602,0.9592559787422498,0.9652406417112299
6,images\2242.png,0.9058434399117972,0.8278919790407094,0.9898795180722891,0.8349593495934959
7,images\1014.png,0.9211356466876972,0.8538011695906432,0.8664688427299704,0.9831649831649831
8,images\1322.png,0.9017341040462428,0.8210526315789474,0.8253968253968254,0.9936305732484076
9,images\1779.png,0.9105160026126714,0.8357314148681055,0.9146981627296588,0.9063719115734721
10,images\1217.png,0.9442724458204335,0.8944281524926686,0.9775641025641025,0.9131736526946108
11,images\1956.png,0.956989247311828,0.9175257731958762,0.9357476635514018,0.9792176039119804
12,images\108.png,0.9666745450248169,0.9354986276303752,0.9659896079357582,0.967360454115421
13,images\1258.png,0.9278688524590164,0.8654434250764526,0.9625850340136054,0.8955696202531646
14,images\571.png,0.9553001277139208,0.9144254278728606,0.9303482587064676,0.9816272965879265
15,images\1888.png,0.3076923076923077,0.18181818181818182,0.18181818181818182,1.0
16,images\35.png,0.8692307692307693,0.7687074829931972,0.9186991869918699,0.8248175182481752
17,images\2162.png,0.9481765834932822,0.9014598540145985,0.9739156809220504,0.9237629459148446
18,images\2582.png,0.942925659472422,0.8920145190562614,0.9479267116682739,0.9379770992366412
19,images\1279.png,0.6828528072837633,0.5184331797235023,0.5184331797235023,1.0
20,images\749.png,0.8601168736303871,0.7545658442806793,0.875139353400223,0.8456014362657092
21,images\2122.png,0.026948989412897015,0.013658536585365854,0.017445482866043614,0.05919661733615222
22,images\2928.png,0.8218493395215994,0.6975757575757576,0.7280202403542062,0.9434426229508197
23,images\74.png,0.9650655021834061,0.9324894514767933,0.9899216125419933,0.9414270500532481
24,images\788.png,0.8555792845702083,0.7476090506181479,0.7589391427894862,0.980422147445702
25,images\707.png,0.9730820995962315,0.9475753604193972,0.9691689008042895,0.977027027027027
26,images\1678.png,0.9490874159462056,0.903107861060329,0.9743589743589743,0.9250936329588015
27,images\909.png,0.9235602094240838,0.857976653696498,0.8709677419354839,0.9829123328380386
28,images\218.png,0.8907922912205567,0.803088803088803,0.8739495798319328,0.9082969432314411
29,images\2046.png,0.8764551257979722,0.7800802139037433,0.8371592539454806,0.9196217494089834
30,images\3.png,0.9710789766407119,0.9437837837837838,0.9875565610859729,0.9551422319474836
31,images\1270.png,0.7317073170731707,0.5769230769230769,0.8490566037735849,0.6428571428571429
32,images\573.png,0.7122430741733691,0.553088133240805,0.9925280199252802,0.5554006968641115
33,images\861.png,0.8794998922181505,0.7849172758753367,0.7865818392134182,0.9973111708628697
34,images\2463.png,0.21791044776119403,0.12227805695142378,1.0,0.12227805695142378
35,images\1326.png,0.8324022346368715,0.7129186602870813,0.7321867321867321,0.9644012944983819
36,images\528.png,0.9510835913312693,0.9067296340023613,0.9948186528497409,0.9110320284697508
37,images\461.png,0.7976047904191617,0.6633466135458167,0.9514285714285714,0.6865979381443299
38,images\803.png,0.8138766519823789,0.6861652739090065,0.8588030214991285,0.7734170591313448
39,images\1392.png,0.9431616341030196,0.892436974789916,0.9637023593466425,0.9234782608695652
40,images\298.png,0.9015748031496063,0.8207885304659498,0.8450184501845018,0.9662447257383966
41,images\3005.png,0.8508361204013378,0.740395809080326,0.933920704845815,0.7813267813267813
42,images\1239.png,0.8634361233480177,0.7596899224806202,1.0,0.7596899224806202
43,images\2839.png,0.5276848755109624,0.3584048460373549,0.3611393692777213,0.9793103448275862
44,images\2605.png,0.6734517106972715,0.5076722167809338,0.8845278725824801,0.5437062937062938
45,images\1529.png,0.9067357512953368,0.8293838862559242,0.9980988593155894,0.8306962025316456
46,images\574.png,0.968944099378882,0.9397590361445783,0.9957446808510638,0.9435483870967742
47,images\2574.png,0.9287581699346406,0.8669920683343502,0.9766323024054983,0.8853582554517134
48,images\1702.png,0.861646234676007,0.7569230769230769,1.0,0.7569230769230769
49,images\1732.png,0.9335679718433788,0.8754125412541254,0.9953095684803002,0.8790389395194698
50,images\1266.png,0.863013698630137,0.7590361445783133,0.7682926829268293,0.984375
51,images\1808.png,0.7852004110996916,0.6463620981387479,0.9896373056994818,0.6507666098807495
52,images\1085.png,0.8548199767711963,0.7464503042596349,0.7698744769874477,0.9608355091383812
53,images\653.png,0.972877358490566,0.947187141216992,0.953757225433526,0.9927797833935018
54,images\2791.png,0.5083766608896592,0.34082106893880715,0.3426791277258567,0.9843400447427293
55,images\1187.png,0.9538816295157571,0.9118295371050698,0.9590417310664606,0.9487767584097859
56,images\2744.png,0.8276220145379024,0.7059344552701505,0.8250517598343685,0.8302083333333333
57,images\1023.png,0.8443148688046648,0.7305751765893037,0.7861020629750272,0.9118387909319899
58,images\1667.png,0.9329359165424739,0.8743016759776536,0.978125,0.8917378917378918
59,images\904.png,0.9412965798876978,0.8891031822565092,0.9989165763813651,0.88996138996139
60,images\701.png,0.9586846543001686,0.9206477732793522,0.9296811120196239,0.9895561357702349
61,images\381.png,0.9495596477181746,0.9039634146341463,0.9503205128205128,0.9488
62,images\478.png,0.017316017316017316,0.008733624454148471,0.008733624454148471,1.0
63,images\1354.png,0.9550989345509894,0.9140568099053168,0.9609494640122511,0.9493192133131618
64,images\2701.png,0.9469244288224956,0.8991989319092123,0.903420523138833,0.9948301329394387
65,images\1689.png,0.9029535864978903,0.823076923076923,0.9455081001472754,0.8640646029609691
66,images\2672.png,0.6517877476656798,0.4834459459459459,0.4834459459459459,1.0
67,images\2524.png,0.4437117286858219,0.2851089588377724,0.8380782918149466,0.3017296604740551
68,images\2026.png,0.0,0.0,0.0,0.0
69,images\2356.png,0.8966894027616037,0.8127261761158022,0.9628438728117185,0.839041095890411
70,images\527.png,0.9062784349408554,0.8286189683860233,0.9841897233201581,0.8397976391231029
71,images\1142.png,0.904891304347826,0.826302729528536,0.940677966101695,0.8717277486910995
72,images\1562.png,0.5306479859894921,0.36114421930870083,1.0,0.36114421930870083
73,images\1668.png,0.9336870026525199,0.8756218905472637,0.9263157894736842,0.9411764705882353
74,images\1837.png,0.967551622418879,0.9371428571428572,0.98676293622142,0.9490740740740741
75,images\294.png,0.9484240687679083,0.9019073569482289,0.9232914923291492,0.9749631811487481
76,images\2157.png,0.803105151729005,0.6709905660377359,0.6822541966426858,0.9759862778730704
77,images\2528.png,0.7907647907647908,0.6539379474940334,0.8703017469560614,0.7245482591449978
78,images\2527.png,0.9013054830287206,0.8203422053231939,0.8788187372708758,0.92497320471597
79,images\2075.png,0.7431237721021611,0.5912465806955842,0.6869466515323496,0.8093073014174913
80,images\2322.png,0.7015706806282722,0.5403225806451613,0.9458823529411765,0.5575589459084604
81,images\3034.png,0.9123882503192848,0.8388914983560357,0.8414605418138987,0.9963737796373779
82,images\1851.png,0.8567002323780015,0.7493224932249323,0.8353474320241692,0.8791732909379968
83,images\676.png,0.960285941223193,0.9236058059587471,0.9243119266055045,0.9991735537190083
84,images\1818.png,0.8872340425531915,0.7973231357552581,0.9675174013921114,0.8192534381139489
85,images\2906.png,0.0,0.0,0.0,0.0
86,images\1840.png,0.8709055876685935,0.7713310580204779,0.9535864978902954,0.8014184397163121
87,images\560.png,0.0,0.0,0.0,0.0
88,images\1337.png,0.9403141361256544,0.8873517786561265,0.951271186440678,0.9296066252587992
89,images\1384.png,0.7855477855477856,0.6468330134357005,0.9941002949852508,0.649325626204239
90,images\2936.png,0.9244902531929196,0.8595833333333334,0.9445970695970696,0.9052215884159719
91,images\1579.png,0.918918918918919,0.85,0.9745222929936306,0.8693181818181818
92,images\678.png,0.9508729192042225,0.9063467492260062,0.9141295862607338,0.9906937394247038
93,images\555.png,0.9465791940018744,0.8985765124555161,0.9564393939393939,0.9369202226345084
94,images\1885.png,0.8535564853556485,0.7445255474452555,0.8680851063829788,0.8395061728395061
95,images\2471.png,0.4792731402612152,0.31516056758775207,0.9745958429561201,0.3177710843373494
96,images\1769.png,0.9631966351209253,0.9290060851926978,0.9492227979274611,0.9775880469583778
97,images\1720.png,0.8619854721549637,0.7574468085106383,0.9726775956284153,0.7739130434782608
98,images\2465.png,0.7525835866261398,0.6033138401559455,0.9864541832669322,0.6083538083538084
99,images\2255.png,0.1980777267028834,0.10992578849721707,0.10992578849721707,1.0
100,images\1960.png,0.18620227729403885,0.10265878877400296,0.11218724778046812,0.547244094488189
101,images\21.png,0.963402571711177,0.9293893129770993,0.9938775510204082,0.9347408829174664
102,images\26.png,0.8958837772397095,0.8114035087719298,1.0,0.8114035087719298
103,images\2405.png,0.8384,0.721763085399449,0.721763085399449,1.0
104,images\335.png,0.9198606271777003,0.8516129032258064,0.9061784897025171,0.9339622641509434
105,images\893.png,0.9501661129568106,0.9050632911392406,0.955456570155902,0.9449339207048458
106,images\2606.png,0.7596054762255263,0.6123902207453121,0.7985143918291551,0.7243121841661988
107,images\11.png,0.9729557747375119,0.9473358116480793,0.9915693904020753,0.9550281074328545
108,images\2980.png,0.9609724888035829,0.9248768472906403,0.9411027568922306,0.9816993464052287
109,images\3011.png,0.6102117061021171,0.4390681003584229,0.9210526315789473,0.45623836126629425
110,images\717.png,0.8525857902368293,0.7430497051390059,0.8159111933395005,0.8927125506072875
111,images\277.png,0.9791271347248577,0.9591078066914498,0.9760403530895334,0.9822335025380711
112,images\2979.png,0.9594676346037507,0.922093023255814,0.9838709677419355,0.9362455726092089
113,images\2275.png,0.8556521739130435,0.7477203647416414,0.7784810126582279,0.9498069498069498
114,images\1866.png,0.839142091152815,0.7228637413394919,0.7264287786480998,0.993256644188814
115,images\1344.png,0.9258649093904449,0.8619631901840491,0.9123376623376623,0.939799331103679
116,images\2137.png,0.7506983240223464,0.6008943543879263,0.921165381319623,0.63347083087802
117,images\2072.png,0.508,0.34048257372654156,0.943069306930693,0.3476277372262774
118,images\1137.png,0.9246323529411765,0.8598290598290599,0.8871252204585538,0.9654510556621881
119,images\1906.png,0.9368919930157147,0.8812763960581886,0.9771071800208116,0.8998562529947293
120,images\1495.png,0.9504837791690381,0.9056399132321041,0.9800469483568075,0.9226519337016574
121,images\694.png,0.8524240809802877,0.7428040854224698,0.9111617312072893,0.8008008008008008
122,images\336.png,0.9740376007162042,0.9493891797556719,0.9662522202486679,0.9819494584837545
123,images\1560.png,0.9347826086956522,0.8775510204081632,0.9662921348314607,0.9052631578947369
124,images\1546.png,0.9182509505703422,0.8488576449912126,1.0,0.8488576449912126
125,images\1969.png,0.6960865945045795,0.5338441890166028,0.9789227166276346,0.5400516795865633
126,images\2459.png,0.9381148841637575,0.8834429169157203,0.9495663347253454,0.9269363436814049
127,images\587.png,0.9579242636746143,0.9192462987886945,0.9499304589707928,0.9660537482319661
128,images\2662.png,0.8427507665352606,0.7282361847085541,0.767757382282522,0.9339805825242719
129,images\2930.png,0.9263157894736842,0.8627450980392157,0.979757085020243,0.8784029038112523
130,images\943.png,0.9030544488711819,0.8232445520581114,0.8252427184466019,0.9970674486803519
131,images\1794.png,0.8853333333333333,0.7942583732057417,0.9378531073446328,0.8383838383838383
132,images\3043.png,0.35994297933000713,0.2194697957409822,0.9931170108161259,0.21980413492927095
133,images\2380.png,0.8911404917830223,0.8036550033429909,0.9277077437612554,0.8573466476462197
134,images\126.png,0.9111111111111111,0.8367346938775511,0.9965277777777778,0.8391812865497076
135,images\1147.png,0.8998968008255934,0.8180112570356473,0.9582417582417583,0.8482490272373541
136,images\1883.png,0.9126891734575088,0.8394004282655246,0.966707768187423,0.86438809261301
137,images\2176.png,0.8381799521040028,0.7214369846878681,0.9622937941869599,0.7424242424242424
138,images\2304.png,0.7093220338983051,0.5495732107682206,0.5495732107682206,1.0
139,images\369.png,0.9425028184892897,0.8912579957356077,0.9372197309417041,0.9478458049886621
140,images\2228.png,0.7787810383747178,0.6377079482439926,0.92,0.675146771037182
141,images\2114.png,0.8591549295774648,0.7530864197530864,0.827430293896006,0.8934092758340114
142,images\451.png,0.9171717171717172,0.8470149253731343,0.908,0.926530612244898
143,images\1916.png,0.6678314042367329,0.5013114754098361,0.5013114754098361,1.0
144,images\2349.png,0.8314087759815243,0.7114624505928854,0.7228915662650602,0.9782608695652174
145,images\2530.png,0.15081967213114755,0.08156028368794327,0.08156028368794327,1.0
146,images\1419.png,0.8365650969529086,0.719047619047619,0.9837133550488599,0.727710843373494
147,images\86.png,0.8651794374393792,0.7623931623931623,0.9681620839363242,0.7819988310929281
148,images\2725.png,0.9413363533408834,0.8891741548994437,0.9264378065091395,0.9567219152854513
149,images\1013.png,0.8769497400346621,0.7808641975308642,0.8433333333333334,0.9133574007220217
150,images\777.png,0.89944576405384,0.8172661870503597,0.8861154446177847,0.9131832797427653
151,images\2995.png,0.8360225140712946,0.7182462927143778,0.9221854304635762,0.7645847632120796
152,images\2992.png,0.9598244429439567,0.9227523531321,0.9640556120718887,0.9556302521008403
153,images\1968.png,0.8827412763281987,0.7900956668542487,0.9570552147239264,0.8191365227537923
154,images\1191.png,0.9440137812230835,0.8939641109298532,0.9303904923599321,0.958041958041958
155,images\2956.png,0.8077077478924127,0.6774410774410774,0.6815718157181572,0.9911330049261083
156,images\2187.png,0.9052631578947369,0.8269230769230769,0.9473180076628352,0.866783523225241
157,images\2248.png,0.9086479902557856,0.8325892857142857,0.8400900900900901,0.9893899204244032
158,images\1452.png,0.8287081339712918,0.7075163398692811,0.8747474747474747,0.7872727272727272
159,images\2525.png,0.9169014084507042,0.846553966189857,0.9319971367215462,0.9022869022869023
160,images\1108.png,0.8986889153754469,0.816017316017316,0.9378109452736318,0.8627002288329519
161,images\2787.png,0.770739064856712,0.6269938650306749,0.958125,0.6446593776282591
162,images\602.png,0.9556692242114238,0.9151020408163265,0.9180999180999181,0.9964444444444445
163,images\227.png,0.8327974276527331,0.7134986225895317,0.955719557195572,0.7378917378917379
164,images\1567.png,0.34685598377281945,0.2098159509202454,1.0,0.2098159509202454
165,images\1076.png,0.0,0.0,0.0,0.0
166,images\2565.png,0.9503142771625261,0.9053321927573424,0.9184263812554238,0.9844961240310077
167,images\1075.png,0.1368312757201646,0.07344008834897847,0.07514124293785311,0.764367816091954
168,images\824.png,0.7477815699658703,0.5971654401744344,0.6415812591508052,0.8961145194274028
169,images\2543.png,0.9221698113207547,0.8555798687089715,0.9974489795918368,0.8574561403508771
170,images\460.png,0.9595278246205734,0.9222042139384117,0.9297385620915033,0.9912891986062717
171,images\1751.png,0.9459459459459459,0.8974358974358975,0.9423076923076923,0.9496124031007752
172,images\1390.png,0.9402777777777778,0.8872870249017037,0.9111709286675639,0.9713055954088953
173,images\754.png,0.680952380952381,0.516245487364621,0.5267034990791897,0.9629629629629629
174,images\117.png,0.5493924986793449,0.37873270211216314,0.39588884659307194,0.8973252804141502
175,images\941.png,0.8148804251550045,0.6875934230194319,0.7836456558773425,0.8487084870848709
176,images\347.png,0.9459354336833917,0.8974169741697416,0.9743589743589743,0.9191232048374905
177,images\247.png,0.8584371460928653,0.751984126984127,0.9451371571072319,0.7863070539419087
178,images\837.png,0.6791510611735331,0.5141776937618148,0.6210045662100456,0.7493112947658402
179,images\1225.png,0.9228346456692913,0.8567251461988304,0.9331210191082803,0.9127725856697819
180,images\1428.png,0.9630411826821542,0.9287169042769857,0.9620253164556962,0.9640591966173362
181,images\2926.png,0.44491080797481636,0.28609986504723345,0.3947858472998138,0.5096153846153846
182,images\1774.png,0.8975308641975308,0.8141097424412094,0.9918144611186903,0.8196166854565953
183,images\2107.png,0.9501543890604323,0.9050420168067227,0.9835616438356164,0.9189419795221843
184,images\552.png,0.8975198876930276,0.8140916808149405,0.9907024793388429,0.8203592814371258
185,images\925.png,0.933852140077821,0.8759124087591241,0.9174311926605505,0.9508716323296355
186,images\284.png,0.9227557411273486,0.8565891472868217,0.8700787401574803,0.9822222222222222
187,images\2780.png,0.7341772151898734,0.58,0.9216101694915254,0.6100981767180925
188,images\860.png,0.951447135262847,0.9073907165389815,0.9520094562647754,0.9508854781582055
189,images\375.png,0.9738480697384807,0.9490291262135923,0.9771510174937522,0.9705673758865249
190,images\834.png,0.8209169054441261,0.6962332928311057,0.8185714285714286,0.8232758620689655
191,images\2642.png,0.0,0.0,0.0,0.0
192,images\1375.png,0.8083989501312336,0.6784140969162996,0.9871794871794872,0.6844444444444444
193,images\681.png,0.9680255795363709,0.9380325329202169,0.9595879556259905,0.9766129032258064
194,images\384.png,0.9696078431372549,0.9410085632730733,0.9850597609561753,0.9546332046332047
195,images\2154.png,0.2529411764705882,0.1447811447811448,0.14675767918088736,0.9148936170212766
196,images\1657.png,0.7957559681697612,0.6607929515418502,0.9316770186335404,0.6944444444444444
197,images\69.png,0.8469387755102041,0.7345132743362832,0.9837037037037037,0.7435610302351624
198,images\1568.png,0.8971553610503282,0.8134920634920635,0.9490740740740741,0.8506224066390041
199,images\222.png,0.9733910891089109,0.948161543098252,0.9656230816451811,0.9812850904553961
200,images\269.png,0.903056768558952,0.8232484076433121,0.9736346516007532,0.8420195439739414
201,images\3041.png,0.6920821114369502,0.5291479820627802,0.6941176470588235,0.6900584795321637
202,images\1043.png,0.9557046979865772,0.9151670951156813,0.9531459170013387,0.9582772543741588
203,images\2479.png,0.7980513728963685,0.6639646278555638,0.7700854700854701,0.828125
204,images\2550.png,0.8816793893129771,0.78839590443686,0.8477064220183487,0.9184890656063618
205,images\393.png,0.0,0.0,0.0,0.0
206,images\110.png,0.832409972299169,0.7129300118623962,0.7656050955414013,0.9119878603945372
207,images\3033.png,0.9696186166774402,0.9410288582183187,0.943594044873139,0.9971194327498338
208,images\2233.png,0.48415885765283356,0.31939947012069475,0.9140690817186183,0.3292867981790592
209,images\2965.png,0.7814207650273224,0.6412556053811659,0.7028596961572833,0.8797539149888143
210,images\581.png,0.9662317728319263,0.9346696362286563,0.9897798742138365,0.9437781109445277
211,images\1089.png,0.8569898232458489,0.7497656982193065,0.7568590350047304,0.9876543209876543
212,images\2627.png,0.710691823899371,0.551219512195122,0.9924717691342535,0.5535339398180545
213,images\1411.png,0.9315068493150684,0.8717948717948718,0.9220338983050848,0.9411764705882353
214,images\244.png,0.9488103821196827,0.9026063100137174,0.9440459110473458,0.9536231884057971
215,images\2609.png,0.528169014084507,0.3588516746411483,0.3588516746411483,1.0
216,images\855.png,0.9179856115107914,0.848404255319149,0.9253081943437274,0.9107780157030693
217,images\2909.png,0.7683535281539559,0.6238425925925926,0.7914831130690162,0.7465373961218836
218,images\1207.png,0.745920745920746,0.5947955390334573,0.9815950920245399,0.6015037593984962
219,images\2593.png,0.9389671361502347,0.8849557522123894,0.9211873080859775,0.9574468085106383
220,images\184.png,0.7654320987654321,0.62,0.8752941176470588,0.680073126142596
221,images\2060.png,0.0,0.0,0.0,0.0
222,images\159.png,0.9465884532263044,0.8985932004689332,0.9515828677839852,0.9416461916461917
223,images\512.png,0.9796129032258064,0.9600404653515427,0.9668874172185431,0.9926778242677824
224,images\2732.png,0.6912621359223301,0.5281899109792285,0.9368421052631579,0.5476923076923077
225,images\2994.png,0.0019187719859290054,0.0009603072983354673,0.0027397260273972603,0.0014763779527559055
226,images\2394.png,0.4438305709023941,0.285207100591716,0.28827751196172247,0.964
227,images\1420.png,0.8288973384030418,0.7077922077922078,0.8861788617886179,0.7785714285714286
228,images\1814.png,0.8530465949820788,0.74375,0.99581589958159,0.7460815047021944
229,images\782.png,0.931063829787234,0.8710191082802548,0.9814593301435407,0.8855909336211549
230,images\1437.png,0.9300982091276718,0.8693304535637149,0.98531211750306,0.8807439824945296
231,images\2300.png,0.8727272727272727,0.7741935483870968,0.8664259927797834,0.8791208791208791
232,images\2801.png,0.8149386845039019,0.6876763875823142,0.9871708305199189,0.6938775510204082
233,images\2418.png,0.8992586131705189,0.8169572107765452,0.8402607986960066,0.9671669793621013
234,images\1955.png,0.7309523809523809,0.575984990619137,0.7811704834605598,0.6868008948545862
235,images\1342.png,0.9400855920114123,0.8869448183041723,0.9360795454545454,0.9441260744985673
236,images\1585.png,0.9382716049382716,0.8837209302325582,0.9992266047950503,0.8843258042436687
237,images\6.png,0.8976076555023923,0.8142361111111112,0.8405017921146953,0.9630390143737166
238,images\718.png,0.6669675090252708,0.5003385240352065,0.5139082058414465,0.9498714652956298
239,images\437.png,0.8895705521472392,0.8011049723756906,0.8841463414634146,0.8950617283950617
240,images\1792.png,0.8255813953488372,0.7029702970297029,0.7888888888888889,0.8658536585365854
241,images\1681.png,0.9663341645885287,0.9348612786489746,0.9923175416133163,0.9416767922235723
242,images\750.png,0.740909090909091,0.5884476534296029,0.6176582038651004,0.9256104486087451
243,images\1826.png,0.9072453622681134,0.8302370275464446,0.8565763384005287,0.9642857142857143
244,images\2061.png,0.8966061562746646,0.8125894134477826,0.9146537842190016,0.8792569659442725
245,images\2858.png,0.9329794293297943,0.8743781094527363,0.9070967741935484,0.9603825136612022
246,images\2101.png,0.24611559975139838,0.1403260099220411,0.4864864864864865,0.16472545757071547
247,images\1006.png,0.8787061994609164,0.7836538461538461,0.8232323232323232,0.9421965317919075
248,images\2808.png,0.6725197541703248,0.5066137566137566,1.0,0.5066137566137566
249,images\1803.png,0.8263473053892215,0.7040816326530612,0.9787234042553191,0.7150259067357513
250,images\1491.png,0.8368421052631579,0.7194570135746606,0.7535545023696683,0.9408284023668639
251,images\3012.png,0.0,0.0,0.0,0.0
252,images\2566.png,0.2608695652173913,0.15,0.15,1.0
253,images\841.png,0.9377926421404682,0.8828715365239295,0.9511533242876526,0.924802110817942
254,images\2922.png,0.932633903920486,0.8737713398861873,0.9865654205607477,0.8842931937172774
255,images\2359.png,0.915606936416185,0.8443496801705757,0.9439809296781884,0.8888888888888888
256,images\1304.png,0.8718703976435935,0.7728459530026109,0.9107692307692308,0.8361581920903954
257,images\1063.png,0.8887070376432079,0.7997054491899853,0.8044444444444444,0.9926873857404022
258,images\769.png,0.8292188028407169,0.7082611207394569,0.9903069466882067,0.7132053519488074
259,images\2246.png,0.6985962014863749,0.5368020304568528,0.9337748344370861,0.558047493403694
260,images\2362.png,0.6221142162818954,0.4514991181657848,0.4514991181657848,1.0
261,images\550.png,0.8186528497409327,0.6929824561403509,0.79,0.8494623655913979
262,images\2878.png,0.9186824498198661,0.8495954307472632,0.9479553903345725,0.891163255117324
263,images\1021.png,0.8222013170272813,0.6980830670926518,0.7014446227929374,0.9931818181818182
264,images\197.png,0.9339622641509434,0.8761061946902655,0.9515418502202643,0.9170204554226168
265,images\1274.png,0.9352331606217616,0.878345498783455,0.9209183673469388,0.95
266,images\915.png,0.8605843157355203,0.7552856500224921,0.7856808610201217,0.9512747875354107
267,images\2360.png,0.813953488372093,0.6862745098039216,0.7300884955752213,0.9195859872611465
268,images\1553.png,0.8448275862068966,0.7313432835820896,0.7561728395061729,0.95703125
269,images\2262.png,0.9345047923322684,0.8770614692653673,0.9898477157360406,0.8850226928895613
270,images\2096.png,0.7487073422957601,0.5983471074380166,0.9493006993006993,0.618099032441662
271,images\2385.png,0.9132369299221357,0.8403275332650972,0.857889237199582,0.976218787158145
272,images\2073.png,0.7767642822851656,0.6350078492935636,0.8424158278375564,0.7206057007125891
273,images\979.png,0.899641577060932,0.8175895765472313,0.8581196581196581,0.9453860640301318
274,images\1658.png,0.8768115942028986,0.7806451612903226,0.8642857142857143,0.8897058823529411
275,images\864.png,0.8967723175341669,0.8128624143384291,0.8862068965517241,0.90759270158917
276,images\2571.png,0.8144020574367766,0.6869125090383225,0.8010118043844857,0.8282476024411508
277,images\1269.png,0.9298701298701298,0.8689320388349514,0.9623655913978495,0.8994974874371859
278,images\985.png,0.4688279301745636,0.30618892508143325,0.48704663212435234,0.4519230769230769
279,images\847.png,0.22197802197802197,0.12484548825710753,0.12484548825710753,1.0
280,images\1218.png,0.7072243346007605,0.5470588235294118,0.9789473684210527,0.5535714285714286
281,images\926.png,0.9103260869565217,0.8354114713216958,0.9911242603550295,0.8417085427135679
282,images\2029.png,0.8441308531109686,0.730299667036626,0.7975757575757576,0.896457765667575
283,images\559.png,0.9379310344827586,0.8831168831168831,0.9392265193370166,0.9366391184573003
284,images\16.png,0.8223844282238443,0.6983471074380165,0.949438202247191,0.7253218884120172
285,images\1972.png,0.7989949748743719,0.6652719665271967,0.6928104575163399,0.9436201780415431
286,images\2837.png,0.0,0.0,0.0,0.0
287,images\1050.png,0.9410096426545661,0.8885913229780397,0.8996746203904555,0.9863258026159334
288,images\2971.png,0.6277929155313352,0.45750595710881653,0.4596967278531524,0.9896907216494846
289,images\1988.png,0.0,0.0,0.0,0.0
290,images\949.png,0.9045751633986928,0.8257756563245824,0.9719101123595506,0.8459657701711492
291,images\2633.png,0.0,0.0,0.0,0.0
292,images\1410.png,0.825,0.7021276595744681,0.7287066246056783,0.9506172839506173
293,images\1118.png,0.9338758901322483,0.8759541984732825,0.9956616052060737,0.8793103448275862
294,images\1185.png,0.9688686408504176,0.9396170839469808,0.9615674453654861,0.9762815608263198
295,images\1726.png,0.9230769230769231,0.8571428571428571,0.9955022488755623,0.860475161987041
296,images\880.png,0.8094117647058824,0.6798418972332015,0.9772727272727273,0.6907630522088354
297,images\2951.png,0.9424280350438048,0.8911242603550296,0.980894485453756,0.90686471296668
298,images\2269.png,0.7614213197969543,0.6147540983606558,0.6896551724137931,0.8498583569405099
299,images\1555.png,0.8993963782696177,0.8171846435100548,1.0,0.8171846435100548
300,images\2968.png,0.8880526810912511,0.7986463620981388,0.8773234200743495,0.8990476190476191
301,images\948.png,0.9079861111111112,0.8314785373608903,0.8408360128617364,0.9867924528301887
302,images\262.png,0.9039787798408488,0.8247821878025169,0.9648924122310306,0.8502994011976048
303,images\2090.png,0.8580555555555556,0.7513986864509852,0.9050688543803106,0.8156852389754423
304,images\2285.png,0.4888888888888889,0.3235294117647059,0.3276299112801014,0.962756052141527
305,images\1262.png,0.8930099857346647,0.8067010309278351,1.0,0.8067010309278351
306,images\2098.png,0.0,0.0,0.0,0.0
307,images\1662.png,0.88125,0.7877094972067039,0.9929577464788732,0.7921348314606742
308,images\1739.png,0.9320872274143303,0.8728121353558926,0.9986648865153538,0.8738317757009346
309,images\557.png,0.8974688974688975,0.8140077821011673,0.8709408825978351,0.9256637168141593
310,images\2718.png,0.9063867016622922,0.8288,0.8354838709677419,0.9904397705544933
311,images\2172.png,0.8497854077253219,0.7388059701492538,0.7593480345158198,0.9646772228989038
312,images\2729.png,0.9234051632174098,0.8577090764962346,0.8618080446037435,0.9944852941176471
313,images\361.png,0.9353070175438597,0.878475798146241,0.8848547717842323,0.9918604651162791
314,images\2647.png,0.0,0.0,0.0,0.0
315,images\2489.png,0.9495657982631931,0.9039745627980922,0.9165054803352676,0.9851004851004851
316,images\822.png,0.44387427838357923,0.2852431986809563,0.9885714285714285,0.28618693134822165
317,images\2305.png,0.7280606717226435,0.5724020442930153,0.5925925925925926,0.9438202247191011
318,images\2655.png,0.7281279397930386,0.5724852071005917,0.5724852071005917,1.0
319,images\2957.png,0.8971344599559148,0.8134576948700866,0.8945054945054945,0.8997789240972734
320,images\1194.png,0.7737430167597765,0.6309794988610479,0.7914285714285715,0.7568306010928961
321,images\2198.png,0.9363500745897564,0.8803179055633473,0.9285009861932939,0.944332998996991
322,images\2497.png,0.037122969837587005,0.018912529550827423,0.09523809523809523,0.023054755043227664
323,images\1867.png,0.8417391304347827,0.7267267267267268,0.9928205128205129,0.730566037735849
324,images\2345.png,0.8908445267870928,0.803173719376392,0.9931153184165232,0.8076707726763718
325,images\1561.png,0.8048048048048048,0.6733668341708543,0.9877149877149877,0.6790540540540541
326,images\3035.png,0.9240646446756697,0.8588477366255144,0.9250886524822695,0.9230429013710747
327,images\2789.png,0.7704182373003051,0.6265693430656935,0.636228876371183,0.9763421292083713
328,images\593.png,0.9631087063453025,0.928842504743833,0.9359464627151052,0.9918946301925026
329,images\2190.png,0.88582549464807,0.7950509461426492,0.8806836504353435,0.8910277324632953
330,images\12.png,0.9767560664112388,0.9545681477783325,0.9942797711908476,0.9598393574297188
331,images\580.png,0.9635922330097088,0.9297423887587822,0.931924882629108,0.9974874371859297
332,images\2006.png,0.8548830811554333,0.7465465465465465,0.8387314439946019,0.8716690042075736
333,images\1902.png,0.9300140911225928,0.8691834942932397,0.8870967741935484,0.9772951628825272
334,images\2825.png,0.8896713615023474,0.8012684989429175,0.979328165374677,0.8150537634408602
335,images\730.png,0.7827692307692308,0.6430738119312437,0.9929742388758782,0.6460132046724225
336,images\3010.png,0.7470588235294118,0.596244131455399,0.5971786833855799,0.9973821989528796
337,images\1616.png,0.8165680473372781,0.69,0.9787234042553191,0.700507614213198
338,images\1590.png,0.8596273291925466,0.7538126361655774,0.9351351351351351,0.7954022988505747
339,images\1087.png,0.13157894736842105,0.07042253521126761,0.09051724137931035,0.2408256880733945
340,images\702.png,0.8703094140882159,0.7703962703962703,0.7869047619047619,0.9734904270986745
341,images\2263.png,0.9644542308902171,0.93134872417983,0.9745708836617928,0.9545454545454546
342,images\479.png,0.9015025041736227,0.8206686930091185,0.8681672025723473,0.9375
343,images\2411.png,0.8456375838926175,0.7325581395348837,0.7555350553505535,0.9601406799531067
344,images\3029.png,0.0,0.0,0.0,0.0
345,images\1539.png,0.9232311084385648,0.8574087862993298,0.8891891891891892,0.9599833263859942
346,images\3001.png,0.8794386561769083,0.784819734345351,0.9923224568138196,0.789614356624666
347,images\2503.png,0.9137495488993144,0.8411960132890366,0.8896697118763176,0.9391691394658753
348,images\2403.png,0.752548656163114,0.6032689450222882,0.6032689450222882,1.0
349,images\2429.png,0.8154115586690017,0.6883500887049083,0.6891651865008881,0.9982847341337907
350,images\1795.png,0.874859075535513,0.7775551102204409,0.8326180257510729,0.9216152019002375
351,images\2182.png,0.9331022530329289,0.8745938921377517,0.9295580110497238,0.9366736256089074
352,images\1542.png,0.9518931772452899,0.9082024432809773,0.9965530448104175,0.9110644257703081
353,images\1520.png,0.7415730337078652,0.5892857142857143,0.9203187250996016,0.6209677419354839
354,images\246.png,0.8792134831460674,0.7844611528822055,0.945619335347432,0.821522309711286
355,images\250.png,0.9176672384219554,0.8478605388272583,0.9502664298401421,0.8872305140961857
356,images\607.png,0.9418777943368107,0.8901408450704226,0.8951841359773371,0.9937106918238994
357,images\2110.png,0.8472775564409031,0.7350230414746544,0.8598382749326146,0.8350785340314136
358,images\2665.png,0.8722408026755852,0.7734282325029656,0.8348271446862996,0.9131652661064426
359,images\1959.png,0.8169761273209549,0.6905829596412556,0.7403846153846154,0.9112426035502958
360,images\364.png,0.9101844426623897,0.8351729212656365,0.9659574468085106,0.8605003790750568
361,images\2737.png,0.8667529107373868,0.7648401826484018,0.9228650137741047,0.8170731707317073
362,images\162.png,0.9658246656760773,0.9339080459770115,0.9516837481698389,0.9803921568627451
363,images\2372.png,0.515713134568896,0.3474484256243214,0.9142857142857143,0.35914702581369246
364,images\1475.png,0.545,0.3745704467353952,1.0,0.3745704467353952
365,images\2216.png,0.5683544303797469,0.39699381078691426,0.40414041404140416,0.9573560767590619
366,images\873.png,0.8972267536704731,0.8136094674556213,0.8487654320987654,0.9515570934256056
367,images\1094.png,0.3246753246753247,0.1937984496124031,0.25510204081632654,0.44642857142857145
368,images\3060.png,0.8347924315165207,0.7164323800290838,0.7345924453280318,0.9666448659254414
369,images\1638.png,0.9481630598892803,0.9014354066985646,0.9771784232365145,0.9208211143695014
370,images\1748.png,0.9132947976878613,0.8404255319148937,0.9937106918238994,0.8449197860962567
371,images\947.png,0.9127234490010515,0.839458413926499,0.8443579766536965,0.9931350114416476
372,images\1374.png,0.8547854785478548,0.7463976945244957,0.9664179104477612,0.7662721893491125
373,images\1671.png,0.0,0.0,0.0,0.0
374,images\2296.png,0.4822790489008524,0.3177652970736033,0.6672873991309746,0.37759044608359676
375,images\174.png,0.9233347297863427,0.8575875486381322,0.8575875486381322,1.0
376,images\1868.png,0.9436964504283966,0.8933951332560834,0.921146953405018,0.9673776662484316
377,images\2867.png,0.9479399552858512,0.9010321797207043,0.9743926460932371,0.9228855721393034
378,images\1602.png,0.9464701318851824,0.898379970544919,0.976,0.9186746987951807
379,images\1093.png,0.7955390334572491,0.6604938271604939,0.8199233716475096,0.7725631768953068
380,images\660.png,0.9652620760534429,0.9328565752880413,0.9494541043267287,0.9816053511705686
381,images\870.png,0.9317023445463812,0.8721374045801527,0.8805394990366089,0.9891774891774892
382,images\93.png,0.8027812895069533,0.6705385427666315,0.9784283513097073,0.6806002143622722
383,images\1141.png,0.9512437810945273,0.9070208728652751,0.9579158316633266,0.9446640316205533
384,images\1710.png,0.9465648854961832,0.8985507246376812,0.9470468431771895,0.9460834181078331
385,images\1098.png,0.776908023483366,0.6352,0.9875621890547264,0.6403225806451613
386,images\2771.png,0.8077826232807782,0.6775464265616207,0.7231231231231231,0.9148936170212766
387,images\1170.png,0.9663439372982942,0.9348795718108831,0.9579524680073126,0.9748837209302326
388,images\2159.png,0.8395904436860068,0.7235294117647059,0.9283018867924528,0.7663551401869159
389,images\1793.png,0.8493975903614458,0.7382198952879581,0.7704918032786885,0.9463087248322147
390,images\1500.png,0.9612068965517241,0.9253112033195021,0.976998904709748,0.9459172852598091
391,images\1907.png,0.9447388342165026,0.8952654232424677,0.923760177646188,0.9666924864446166
392,images\2654.png,0.8499655884377151,0.7390783961699581,0.7435279951836243,0.9919678714859438
393,images\2831.png,0.34526005164146073,0.2086491306286224,0.3996584116140051,0.3038961038961039
394,images\2173.png,0.7608576140736668,0.614019520851819,0.6151111111111112,0.9971181556195965
395,images\894.png,0.8148148148148148,0.6875,0.7058823529411765,0.9635036496350365
396,images\1800.png,0.8768267223382046,0.7806691449814126,0.7806691449814126,1.0
397,images\1129.png,0.9214840379637619,0.8544,0.9143835616438356,0.928695652173913
398,images\621.png,0.9365750528541226,0.8807157057654076,0.9630434782608696,0.911522633744856
399,images\1174.png,0.97856477166822,0.958029197080292,0.9615384615384616,0.9962049335863378
400,images\3042.png,0.3791917454858126,0.2339522546419098,0.623321554770318,0.27247451343836887
401,images\879.png,0.9405099150141643,0.8877005347593583,1.0,0.8877005347593583
402,images\3056.png,0.8182184602982668,0.6923601637107776,0.9825750242013552,0.7009668508287292
403,images\2827.png,0.8953880764904387,0.8105906313645621,0.9900497512437811,0.8172484599589322
404,images\91.png,0.8848167539267016,0.7934272300469484,0.9037433155080213,0.8666666666666667
405,images\145.png,0.9112188597224544,0.836916461916462,0.9833994947672321,0.8489096573208723
406,images\1765.png,0.7047619047619048,0.5441176470588235,0.925,0.5692307692307692
407,images\2249.png,0.6264274061990212,0.45605700712589076,0.45605700712589076,1.0
408,images\2548.png,0.8941649899396378,0.8085880640465793,0.8085880640465793,1.0
409,images\2964.png,0.8997067448680351,0.8176972281449894,0.9319562575941677,0.8696145124716553
410,images\2486.png,0.8838740009402914,0.7919123841617524,0.811044003451251,0.9710743801652892
411,images\964.png,0.9260869565217391,0.8623481781376519,0.9403973509933775,0.9122055674518201
412,images\1316.png,0.9002695417789758,0.8186274509803921,1.0,0.8186274509803921
413,images\954.png,0.9025069637883009,0.8223350253807107,0.9529411764705882,0.8571428571428571
414,images\134.png,0.9695142378559464,0.9408322496749024,0.9513477975016437,0.9883879781420765
415,images\351.png,0.9343832020997376,0.8768472906403941,0.9552772808586762,0.9143835616438356
416,images\1873.png,0.9435364041604755,0.8931082981715893,0.9687261632341724,0.9196234612599565
417,images\1646.png,0.8890995260663507,0.8003412969283277,0.8242530755711776,0.9650205761316872
418,images\629.png,0.9084577114427861,0.8322698268003647,0.8414746543778802,0.987027027027027
419,images\2428.png,0.8595787362086259,0.7537379067722075,0.7672336615935542,0.9771949828962372
420,images\2473.png,0.8764293618590926,0.7800393959290873,0.9883527454242929,0.7872763419483101
421,images\1846.png,0.8664142779881017,0.7643129770992366,0.9697336561743342,0.782991202346041
422,images\1895.png,0.7725030826140568,0.629331993972878,0.985837922895358,0.6350734921439433
423,images\2220.png,0.8602875909817149,0.7548286604361371,0.9539370078740157,0.783381829938571
424,images\1282.png,0.8957320367368989,0.8111545988258317,0.8450560652395515,0.9528735632183908
425,images\2368.png,0.7770064547558154,0.6353316072495518,0.783014236622484,0.7710901619531061
426,images\535.png,0.9583617747440273,0.9200524246395806,0.9512195121951219,0.9656121045392022
427,images\140.png,0.9474421864050455,0.9001331557922769,0.9481065918653576,0.9467787114845938
428,images\590.png,0.9407733724914341,0.8881700554528651,0.96875,0.9143672692673644
429,images\1296.png,0.7316176470588235,0.5768115942028985,0.5768115942028985,1.0
430,images\2920.png,0.5890973036342321,0.41753219775654343,0.4305912596401028,0.9322820037105751
431,images\402.png,0.9813953488372092,0.9634703196347032,0.9813953488372092,0.9813953488372092
432,images\472.png,0.9209383145091226,0.8534621578099839,0.9515260323159784,0.8922558922558923
433,images\2855.png,0.7979591836734694,0.6638370118845501,0.7757936507936508,0.8214285714285714
434,images\1515.png,0.8969359331476323,0.8131313131313131,0.9387755102040817,0.8586666666666667
435,images\1247.png,0.975609756097561,0.9523809523809523,0.9742120343839542,0.9770114942528736
436,images\2450.png,0.7578157565652355,0.6100671140939598,0.7417380660954712,0.7746058798466127
437,images\1333.png,0.9093264248704663,0.833729216152019,0.8357142857142857,0.9971590909090909
438,images\1582.png,0.8980679546968687,0.814993954050786,0.8403990024937655,0.9642346208869814
439,images\1897.png,0.9076803723816912,0.8309659090909091,0.9055727554179567,0.9097978227060654
440,images\967.png,0.8353591160220994,0.7172675521821632,0.7529880478087649,0.9379652605459057
441,images\971.png,0.950354609929078,0.9054054054054054,0.9220183486238532,0.9804878048780488
442,images\2007.png,0.8361166147749788,0.7183852140077821,0.7330024813895781,0.9729907773386034
443,images\1684.png,0.8882521489971347,0.7989690721649485,0.9597523219814241,0.8266666666666667
444,images\189.png,0.957983193277311,0.9193548387096774,0.9684466019417476,0.9477434679334917
445,images\36.png,0.8980891719745223,0.815028901734104,0.8166023166023166,0.9976415094339622
446,images\55.png,0.9302325581395349,0.8695652173913043,0.9667673716012085,0.896358543417367
447,images\2898.png,0.9136253041362531,0.8409854423292273,0.8919239904988123,0.9364089775561097
448,images\157.png,0.9235767326732673,0.8580051739005461,0.9897214854111406,0.8657192575406032
449,images\3004.png,0.0,0.0,0.0,0.0
450,images\1275.png,0.9216944801026957,0.8547619047619047,0.899749373433584,0.9447368421052632
451,images\2343.png,0.9092878418629841,0.8336643495531281,0.8458438287153652,0.9830210772833724
452,images\434.png,0.9067567567567567,0.8294190358467244,1.0,0.8294190358467244
453,images\149.png,0.9697885196374623,0.9413489736070382,0.9553571428571429,0.9846625766871165
454,images\87.png,0.954855195911414,0.9136104319478403,0.9158496732026143,0.9973309608540926
455,images\2553.png,0.7836504580690627,0.6442641946697567,0.9928571428571429,0.6472642607683353
456,images\1641.png,0.8482142857142857,0.7364341085271318,0.9152215799614644,0.7903494176372712
457,images\1943.png,0.8730984787830264,0.7747779751332149,0.9179292929292929,0.832442748091603
458,images\2618.png,0.7663605051664754,0.6212191717077711,0.7089750398300584,0.8338538413491567
459,images\981.png,0.8335854765506808,0.7146562905317769,0.7259552042160737,0.9786856127886323
460,images\1729.png,0.9506109103424539,0.9058707773040341,0.9365886741268227,0.9650593990216632
461,images\2911.png,0.8624584717607974,0.758177570093458,0.9672131147540983,0.7781774580335732
462,images\2250.png,0.5927947598253275,0.4212567882079131,0.46331058020477817,0.8227272727272728
463,images\1271.png,0.6461538461538462,0.4772727272727273,0.9438202247191011,0.49122807017543857
464,images\1630.png,0.9245382585751979,0.8596663395485771,0.9977220956719818,0.8613569321533924
465,images\1927.png,0.7547528517110266,0.6061068702290077,0.6362179487179487,0.927570093457944
466,images\1103.png,0.79875,0.6649323621227887,0.7021978021978021,0.9260869565217391
467,images\213.png,0.952490774907749,0.9092910612065169,0.9468133883539661,0.9582366589327146
468,images\1656.png,0.8564231738035264,0.748898678414097,0.8947368421052632,0.821256038647343
469,images\2588.png,0.2944550669216061,0.1726457399103139,0.1878048780487805,0.6814159292035398
470,images\2274.png,0.874719800747198,0.7773351040283312,0.8186480186480186,0.9390374331550803
471,images\849.png,0.940868045441305,0.8883388338833883,0.9017308766052484,0.9835566382460414
472,images\2986.png,0.716462281679673,0.5581933989577301,0.8060200668896321,0.6448160535117057
473,images\1588.png,0.7198527155569193,0.5623202301054651,0.5636713118692936,0.9957555178268251
474,images\2688.png,0.8191214470284238,0.6936542669584245,0.7583732057416268,0.8904494382022472
475,images\1234.png,0.6396063960639606,0.4701627486437613,1.0,0.4701627486437613
476,images\745.png,0.9411449973247726,0.8888327438100051,0.9731673582295989,0.9111629111629111
477,images\387.png,0.9752559726962458,0.951706910907577,0.9853448275862069,0.9653716216216216
478,images\103.png,0.8416763678696159,0.7266331658291457,0.9691689008042895,0.7438271604938271
479,images\1742.png,0.8289241622574955,0.7078313253012049,0.9710743801652892,0.7230769230769231
480,images\636.png,0.9765226267437904,0.9541223404255319,0.9695945945945946,0.9835503769705277
481,images\2763.png,0.8722109533468559,0.7733812949640287,0.8004964318957493,0.9580393613070924
482,images\1446.png,0.9059982094897046,0.8281505728314239,0.9980276134122288,0.8295081967213115
483,images\2342.png,0.9245614035087719,0.8597063621533442,0.8807799442896936,0.9729230769230769
484,images\2494.png,0.85,0.7391304347826086,0.8857142857142857,0.8170542635658915
485,images\2390.png,0.81976023150062,0.6945709281961471,0.6945709281961471,1.0
486,images\2709.png,0.009280742459396751,0.004662004662004662,0.004662004662004662,1.0
487,images\2604.png,0.8906725712704124,0.8028942115768463,0.8045,0.9975201487910725
488,images\412.png,0.9662783568362967,0.9347568208778173,0.9425837320574163,0.9911949685534591
489,images\1097.png,0.8729446935724963,0.7745358090185677,0.8488372093023255,0.8984615384615384
490,images\1311.png,0.9255874673629243,0.8614823815309842,0.9101412066752247,0.9415670650730412
491,images\2081.png,0.6129032258064516,0.4418604651162791,1.0,0.4418604651162791
492,images\132.png,0.9563318777292577,0.9163179916317992,0.9513466550825369,0.961369622475856
493,images\186.png,0.17045454545454544,0.09316770186335403,0.11363636363636363,0.3409090909090909
494,images\1330.png,0.9072164948453608,0.8301886792452831,0.9496402877697842,0.868421052631579
495,images\1523.png,0.8547008547008547,0.746268656716418,0.8842443729903537,0.8270676691729323
496,images\2401.png,0.5856491082538365,0.41407624633431084,0.4192399049881235,0.9711141678129298
497,images\657.png,0.9278138898392063,0.8653477983407786,0.8822381262199089,0.9783549783549783
498,images\29.png,0.9574350469872858,0.9183457051961824,0.9643652561247216,0.9506037321624589
499,images\2579.png,0.0,0.0,0.0,0.0
500,images\2521.png,0.6363826669457818,0.46668713540067547,0.7711821410451547,0.5416963649322879
501,images\640.png,0.610011641443539,0.4388609715242881,0.8851351351351351,0.46536412078152756
502,images\2058.png,0.0,0.0,0.0,0.0
503,images\1981.png,0.8215720022948939,0.697176241480039,0.8938826466916354,0.7600849256900213
504,images\2091.png,0.677115987460815,0.5118483412322274,0.7047984644913627,0.6515259048970902
505,images\1204.png,0.8835341365461847,0.7913669064748201,0.8943089430894309,0.873015873015873
506,images\2451.png,0.5807243707796194,0.4091695501730104,0.5964691046658259,0.5657894736842105
507,images\523.png,0.9440817485097928,0.8940860215053763,0.8945669714900484,0.9993990384615384
508,images\1393.png,0.9164490861618799,0.8457831325301205,0.9616438356164384,0.8753117206982544
509,images\301.png,0.9771564950562563,0.9553333333333334,0.9744984699081944,0.9798290598290599
510,images\1477.png,0.2968197879858657,0.17427385892116182,0.9859154929577465,0.17470881863560733
511,images\2590.png,0.9090909090909091,0.8333333333333334,0.8571428571428571,0.967741935483871
512,images\1461.png,0.8910728910728911,0.8035450516986706,0.8788368336025848,0.9036544850498339
513,images\1145.png,0.9479553903345725,0.901060070671378,0.9156193895870736,0.9826589595375722
514,images\1312.png,0.9075235109717869,0.830703012912482,0.9554455445544554,0.8641791044776119
515,images\763.png,0.9035294117647059,0.8240343347639485,0.9458128078817734,0.8648648648648649
516,images\2160.png,0.770042194092827,0.6260720411663808,0.9012345679012346,0.6721915285451197
517,images\2468.png,0.8806161745827985,0.786697247706422,0.997093023255814,0.7885057471264367
518,images\2312.png,0.8999076070218663,0.8180291153415453,0.8198653198653199,0.9972696245733789
519,images\1707.png,0.928,0.8656716417910447,0.9188118811881189,0.9373737373737374
520,images\248.png,0.9366018596787827,0.8807631160572337,0.9172185430463576,0.9568221070811744
521,images\441.png,0.9522009181744532,0.9087628865979381,0.9926801801801802,0.9148936170212766
522,images\2853.png,0.9082751744765702,0.8319634703196347,0.9923747276688453,0.8373161764705882
523,images\793.png,0.822944550669216,0.6991552956465237,0.7237668161434978,0.9536189069423929
524,images\716.png,0.8086876155268022,0.6788207913110939,0.9452646741087505,0.7065948855989233
525,images\896.png,0.9376947040498442,0.8826979472140762,0.9525316455696202,0.9233128834355828
526,images\1251.png,0.9736434108527132,0.9486404833836858,0.98125,0.9661538461538461
527,images\1071.png,0.8929110105580694,0.8065395095367848,0.896969696969697,0.8888888888888888
528,images\1714.png,0.7038043478260869,0.5429769392033543,0.9700374531835206,0.5522388059701493
529,images\2818.png,0.9003601440576231,0.8187772925764192,0.981675392670157,0.8314855875831486
530,images\2230.png,0.0,0.0,0.0,0.0
531,images\1665.png,0.0,0.0,0.0,0.0
532,images\2822.png,0.7834008097165992,0.6439267886855241,0.9948586118251928,0.6460767946577629
533,images\2854.png,0.18614718614718614,0.1026252983293556,0.13109756097560976,0.3208955223880597
534,images\2015.png,0.8076375035622685,0.6773422562141491,0.9929922915206727,0.6805955811719501
535,images\2685.png,0.9040793825799338,0.8249496981891348,0.8316430020283976,0.9903381642512077
536,images\1309.png,0.9312977099236641,0.8714285714285714,0.9621451104100947,0.9023668639053254
537,images\589.png,0.9399038461538461,0.8866213151927438,0.9690210656753407,0.912485414235706
538,images\922.png,0.9746543778801844,0.950561797752809,0.9814385150812065,0.9679633867276888
539,images\2279.png,0.0,0.0,0.0,0.0
540,images\2415.png,0.3752175426383571,0.23093401885175663,0.3072976054732041,0.48168007149240394
541,images\1789.png,0.9266409266409267,0.8633093525179856,0.9375,0.916030534351145
542,images\1276.png,0.9629629629629629,0.9285714285714286,0.9716874292185731,0.9543937708565072
543,images\1991.png,0.704590379969251,0.5439131909121736,0.9876847290640394,0.5476271765107545
544,images\215.png,0.9192546583850931,0.8505747126436781,0.8864398658361284,0.9545923632610939
545,images\663.png,0.9663311350225616,0.9348556077904634,0.9354838709677419,0.9992821249102656
546,images\2611.png,0.8521850899742931,0.7424412094064949,0.7424412094064949,1.0
547,images\1149.png,0.922237380627558,0.8556962025316456,0.8733850129198967,0.976878612716763
548,images\2660.png,0.885977680737506,0.7952961672473867,0.9646064447966192,0.8192014356213548
549,images\251.png,0.8571428571428571,0.75,1.0,0.75
550,images\1231.png,0.6588921282798834,0.49130434782608695,0.49130434782608695,1.0
551,images\2675.png,0.8207236842105263,0.6959553695955369,0.7676923076923077,0.8816254416961131
552,images\1879.png,0.7096204766107679,0.5499316005471956,0.5521978021978022,0.9925925925925926
553,images\1345.png,0.8921438082556591,0.8052884615384616,0.8052884615384616,1.0
554,images\2164.png,0.907839280696825,0.831232312837664,0.8604527296937416,0.9607493309545049
555,images\2302.png,0.6197991391678622,0.4490644490644491,0.526829268292683,0.7526132404181185
556,images\2630.png,0.7773886943471736,0.6358428805237316,0.6595925297113752,0.9464068209500609
557,images\1067.png,0.5044136191677175,0.3372681281618887,0.8421052631578947,0.36003600360036003
558,images\1002.png,0.9441176470588235,0.8941504178272981,0.8966480446927374,0.9968944099378882
559,images\308.png,0.9688467093047246,0.9395758303321329,0.9767054908485857,0.9611133851821531
560,images\324.png,0.7431457431457431,0.5912743972445464,0.9644194756554307,0.6044600938967136
561,images\1235.png,0.591919191919192,0.42037302725968434,0.966996699669967,0.4264919941775837
562,images\153.png,0.945617402431222,0.8968446601941747,0.9560155239327296,0.9354430379746835
563,images\1810.png,0.8592132505175983,0.7531760435571688,0.9651162790697675,0.7742537313432836
564,images\1401.png,0.9562790697674418,0.9162210338680927,0.9465930018416207,0.9661654135338346
565,images\1861.png,0.890877598152425,0.8032274856845393,0.9351515151515152,0.850606394707828
566,images\2197.png,0.8207317073170731,0.6959669079627715,0.9725433526011561,0.709915611814346
567,images\709.png,0.71869918699187,0.5609137055837563,0.65,0.8036363636363636
568,images\2080.png,0.0,0.0,0.0,0.0
569,images\1768.png,0.931054131054131,0.8710021321961621,0.9466975666280417,0.9159192825112108
570,images\353.png,0.8456549935149157,0.7325842696629213,0.9287749287749287,0.7761904761904762
571,images\181.png,0.9765913757700205,0.9542536115569823,0.9867219917012449,0.9666666666666667
572,images\1801.png,0.8540305010893247,0.7452471482889734,0.8868778280542986,0.8235294117647058
573,images\865.png,0.6035911602209945,0.43224530168150344,0.524609843937575,0.7105691056910569
574,images\2378.png,0.7970221151740748,0.6625409537677467,0.8572774375883184,0.7446808510638298
575,images\605.png,0.9706103993971364,0.9428989751098097,0.9669669669669669,0.9742813918305597
576,images\2148.png,0.9282178217821783,0.8660508083140878,0.8844339622641509,0.9765625
577,images\940.png,0.8206312548113934,0.695822454308094,0.9744058500914077,0.7087765957446809
578,images\545.png,0.9652084050981743,0.9327563249001332,0.9695501730103806,0.9609053497942387
579,images\217.png,0.8844672657252889,0.7928653624856157,0.8644918444165621,0.9053876478318003
580,images\980.png,0.0,0.0,0.0,0.0
581,images\888.png,0.8322406478981874,0.7126816380449141,0.7155172413793104,0.9944700460829493
582,images\407.png,0.9490333919156415,0.903010033444816,0.9050279329608939,0.9975369458128078
583,images\1566.png,0.8857142857142857,0.7948717948717948,0.9946524064171123,0.7982832618025751
584,images\2830.png,0.7050359712230215,0.5444444444444444,1.0,0.5444444444444444
585,images\1841.png,0.0,0.0,0.0,0.0
586,images\2790.png,0.5887129516849371,0.41714614499424624,0.41714614499424624,1.0
587,images\2847.png,0.9237451737451737,0.8582959641255605,0.9219653179190751,0.925531914893617
588,images\1084.png,0.8855989232839838,0.7946859903381642,0.9481268011527377,0.8308080808080808
589,images\1723.png,0.8654173764906303,0.7627627627627628,0.9844961240310077,0.7720364741641338
590,images\2454.png,0.8931999183173371,0.8070110701107011,0.8206378986866791,0.9798387096774194
591,images\1611.png,0.9057788944723618,0.8277841561423651,0.9080604534005038,0.9035087719298246
592,images\1363.png,0.9583766909469302,0.9200799200799201,0.975635593220339,0.941717791411043
593,images\2717.png,0.8605614358030372,0.7552504038772213,0.9968017057569296,0.757085020242915
594,images\33.png,0.8109820485744457,0.6820603907637656,0.6869409660107334,0.9896907216494846
595,images\2496.png,0.0,0.0,0.0,0.0
596,images\2169.png,0.5246478873239436,0.3556085918854415,0.4173669467787115,0.7061611374407583
597,images\2222.png,0.7521148423481159,0.6027115858668858,0.9243856332703214,0.6339671564390665
598,images\1146.png,0.9343339587242027,0.8767605633802817,0.8989169675090253,0.97265625
599,images\1893.png,0.7312834224598931,0.5763962065331928,0.7747875354107648,0.6924050632911393
600,images\2499.png,0.6240601503759399,0.453551912568306,1.0,0.453551912568306
601,images\1236.png,0.9233449477351916,0.8576051779935275,0.9532374100719424,0.8952702702702703
602,images\1250.png,0.946236559139785,0.8979591836734694,0.9906191369606003,0.9056603773584906
603,images\2923.png,0.8796400449943758,0.785140562248996,0.9974489795918368,0.7867203219315896
604,images\1591.png,0.9082969432314411,0.832,0.9719626168224299,0.8524590163934426
605,images\1894.png,0.7566165023352361,0.6085141903171953,0.9707057256990679,0.6198979591836735
606,images\107.png,0.954524361948956,0.9130048823790502,0.9898941289701636,0.921594982078853
607,images\1675.png,0.7928571428571428,0.6568047337278107,0.9024390243902439,0.7070063694267515
608,images\429.png,0.9743589743589743,0.95,0.9652406417112299,0.9836512261580381
609,images\344.png,0.9562424729024488,0.9161538461538462,0.934850863422292,0.9786359901396877
610,images\2667.png,0.9193002257336343,0.8506527415143603,0.8781671159029649,0.9644760213143873
611,images\367.png,0.9624885635864593,0.927689594356261,0.9669117647058824,0.9581056466302368
